Name,Phone,Email,Date
"Jamal, Kathleen, Halla, Kaseem","(0191) 241 1726","pellentesque@in.co.uk","Jun 22, 2020"
"Gage, Nina, Cain, Lillith","07624 622804","ornare.placerat.orci@mitemporlorem.edu","Jan 17, 2019"
"Kuame, Marshall, Barclay, Cherokee","(01571) 046238","consequat.purus@Proin.org","Feb 18, 2019"
"Barry, Elvis, Kevyn, Riley","(0111) 273 0368","orci.consectetuer@velmauris.org","Apr 8, 2019"
"Idola, Hammett, Jessica, Yeo","07624 178775","ac@sodales.co.uk","Oct 22, 2019"
"Owen, TaShya, Merritt, Quinn","(0101) 999 6855","pretium@Maecenasmalesuadafringilla.edu","Aug 2, 2020"
"Lacey, Odessa, Vernon, Craig","0800 1111","odio.a@duiCras.co.uk","Sep 27, 2020"
"Abel, Brenda, Anastasia, Sopoline","07236 521614","Fusce.aliquam@bibendumfermentum.edu","Jul 24, 2020"
"Lawrence, Elizabeth, Jessica, Fletcher","(026) 4443 3934","gravida.molestie@rutrumFuscedolor.com","Apr 17, 2020"
"Xavier, Graham, Charity, Cameron","(01508) 87361","Nam@ridiculus.net","Apr 14, 2019"
"Cleo, Ivy, Giacomo, Lois","055 8836 7232","laoreet.lectus.quis@adipiscing.co.uk","Nov 20, 2019"
"Kalia, Benjamin, Hasad, Matthew","(016977) 7998","sed.tortor@primisinfaucibus.com","Jan 17, 2020"
"Cyrus, Kylie, Jaden, Blair","07624 585393","facilisis@quislectus.com","Jul 29, 2020"
"Shellie, Octavius, Remedios, Alexa","0845 46 45","tempor@inmagnaPhasellus.ca","Jun 10, 2019"
"Porter, Gavin, Valentine, Yuli","(025) 0214 3947","nec.urna.et@Integer.com","May 16, 2019"
"Haley, Rebecca, Willow, Quyn","0800 467566","eu@dolornonummyac.org","Jul 11, 2019"
"Phoebe, Jarrod, Cody, Sawyer","(019234) 34283","ultrices.sit.amet@nulla.net","Nov 20, 2020"
"Holmes, Buffy, Demetria, Palmer","0500 535722","urna.convallis.erat@lectusNullamsuscipit.com","Mar 13, 2019"
"Axel, Sophia, Geoffrey, Kareem","(01270) 52147","vel.arcu@seddictumeleifend.net","Jan 15, 2020"
"Maite, Nerea, Russell, Phyllis","076 8905 8611","Donec.nibh@acturpisegestas.edu","Aug 28, 2019"
"Hermione, Steven, Genevieve, Austin","(01168) 755913","Nunc.lectus.pede@et.org","Aug 11, 2020"
"Jakeem, Madeson, Elaine, Daphne","(016977) 2775","auctor@Aeneanegestas.com","Jun 19, 2019"
"Odessa, Uta, Warren, Kelsie","0369 751 4285","ut.eros.non@orci.org","Jan 3, 2020"
"Jessamine, Aiko, Myles, Christine","(019490) 01556","magna.Nam.ligula@disparturient.com","Mar 5, 2020"
"Charlotte, Jasper, Ira, Mohammad","07324 953573","amet.ornare@cursus.org","Sep 6, 2020"
"Charde, Myra, Adam, Steven","07810 720210","elementum.lorem.ut@disparturient.net","Jul 3, 2019"
"Leila, Graham, Josiah, Pamela","070 3416 7909","semper@In.ca","Jan 24, 2020"
"Felicia, Zelenia, Chester, Madeson","0314 556 3073","volutpat.nunc.sit@at.org","Sep 5, 2019"
"Adara, Warren, Nerea, Sawyer","07624 880572","In.ornare@sollicitudinadipiscingligula.com","Jul 12, 2019"
"Adena, Lester, Kessie, Sage","0500 432535","pellentesque.tellus@sedestNunc.co.uk","Apr 15, 2020"
"Clayton, Shelley, Beau, Nevada","(01893) 67653","Integer.urna.Vivamus@enim.org","Aug 11, 2019"
"Guy, Jasper, Solomon, Nigel","055 0123 6763","et.lacinia@Nunc.org","Mar 5, 2020"
"Drew, Renee, Laurel, Clayton","0800 833480","Donec@natoquepenatibus.co.uk","Aug 5, 2019"
"Kylynn, Iris, Gary, Ezra","(0141) 885 8661","lobortis@nisidictum.org","Sep 11, 2020"
"Signe, Justin, Jenette, Samuel","(0116) 222 1954","dui.quis@Vivamussitamet.com","Feb 4, 2019"
"Olympia, Ferris, Amaya, Skyler","07701 662772","ultricies.sem@pede.co.uk","Dec 29, 2019"
"Alfreda, Kathleen, Ariel, Beck","056 7319 8662","mauris@in.net","Nov 10, 2019"
"Charlotte, Aretha, Murphy, Larissa","0800 489 2340","quam@aptenttacitisociosqu.net","Jul 10, 2019"
"Shelly, Lillith, Calvin, Jolene","(01331) 830840","lectus@molestietellusAenean.com","May 28, 2019"
"Quynn, Dahlia, Hollee, Desirae","(0111) 924 8432","neque.tellus@Nullamlobortisquam.ca","May 29, 2020"
"Gay, Maris, Callum, Tasha","0500 376525","non@Aliquamnisl.co.uk","Mar 19, 2019"
"Jeremy, Brody, Rinah, Lesley","(014105) 42421","a.scelerisque@conguea.org","Jul 4, 2020"
"Kenyon, Galvin, Dawn, Roary","055 4963 1675","consequat.enim@Curabitur.ca","Sep 19, 2019"
